0_Rk,1_Tm,2_G,3_Pts,4_Yds,Tot Yds & TO_Ply,Tot Yds & TO_Y/P,Tot Yds & TO_TO,8_FL,9_1stD,Passing_Cmp,Passing_Att,Passing_Yds,Passing_TD,Passing_Int,Passing_NY/A,Passing_1stD,Rushing_Att,Rushing_Yds,Rushing_TD,Rushing_Y/A,Rushing_1stD,Penalties_Pen,Penalties_Yds,Penalties_1stPy,25_Sc%,26_TO%,27_EXP,Won_Postseason_Game,Season
1.0,Kansas City Chiefs,16.0,565.0,6810.0,996.0,6.8,18.0,6.0,384.0,385.0,583.0,4955.0,50.0,12.0,8.1,239.0,387.0,1855.0,16.0,4.8,108.0,137.0,1152.0,37.0,52.6,10.5,298.14,Yes,2018
2.0,Los Angeles Rams,16.0,527.0,6738.0,1060.0,6.4,19.0,7.0,401.0,368.0,568.0,4507.0,32.0,12.0,7.5,236.0,459.0,2231.0,23.0,4.9,134.0,96.0,878.0,31.0,48.6,9.8,239.79,Yes,2018
3.0,New Orleans Saints,16.0,504.0,6067.0,1010.0,6.0,16.0,9.0,377.0,381.0,519.0,4042.0,33.0,7.0,7.5,210.0,471.0,2025.0,26.0,4.3,134.0,94.0,939.0,33.0,51.8,9.5,237.73,Yes,2018
4.0,New England Patriots,16.0,436.0,6295.0,1073.0,5.9,18.0,7.0,365.0,378.0,574.0,4258.0,29.0,11.0,7.2,206.0,478.0,2037.0,18.0,4.3,131.0,93.0,744.0,28.0,40.8,9.2,190.96,Yes,2018
5.0,Indianapolis Colts,16.0,433.0,6179.0,1070.0,5.8,24.0,9.0,371.0,432.0,644.0,4461.0,39.0,15.0,6.7,237.0,408.0,1718.0,13.0,4.2,96.0,120.0,953.0,38.0,41.2,13.2,140.47,Yes,2018
6.0,Seattle Seahawks,16.0,428.0,5653.0,1012.0,5.6,11.0,4.0,329.0,280.0,427.0,3093.0,35.0,7.0,6.5,156.0,534.0,2560.0,15.0,4.8,133.0,111.0,959.0,40.0,39.8,6.1,128.78,No,2018
7.0,Los Angeles Chargers,16.0,428.0,5962.0,945.0,6.3,19.0,7.0,338.0,348.0,512.0,4089.0,32.0,12.0,7.5,213.0,399.0,1873.0,16.0,4.7,100.0,113.0,967.0,25.0,42.4,10.0,170.19,Yes,2018
8.0,Pittsburgh Steelers,16.0,428.0,6453.0,1058.0,6.1,26.0,9.0,378.0,459.0,689.0,5008.0,35.0,17.0,7.0,251.0,345.0,1445.0,16.0,4.2,88.0,111.0,1026.0,39.0,36.8,14.3,156.16,No,2018
9.0,Chicago Bears,16.0,421.0,5502.0,1013.0,5.4,24.0,10.0,331.0,344.0,512.0,3564.0,28.0,14.0,6.5,177.0,468.0,1938.0,16.0,4.1,108.0,97.0,796.0,46.0,36.8,13.2,96.31,No,2018
10.0,Atlanta Falcons,16.0,414.0,6226.0,1010.0,6.2,18.0,11.0,352.0,428.0,617.0,4653.0,36.0,7.0,7.1,238.0,351.0,1573.0,11.0,4.5,84.0,101.0,899.0,30.0,42.9,10.7,155.08,No,2018
11.0,Houston Texans,16.0,402.0,5802.0,1040.0,5.6,16.0,7.0,333.0,345.0,506.0,3781.0,26.0,9.0,6.7,202.0,472.0,2021.0,12.0,4.3,94.0,105.0,787.0,37.0,40.3,8.1,84.1,No,2018
12.0,Tampa Bay Buccaneers,16.0,396.0,6648.0,1055.0,6.3,35.0,9.0,388.0,408.0,625.0,5125.0,36.0,26.0,7.7,265.0,389.0,1523.0,11.0,3.9,80.0,117.0,975.0,43.0,37.0,19.0,121.14,No,2018
13.0,Baltimore Ravens,16.0,389.0,5999.0,1135.0,5.3,20.0,11.0,367.0,334.0,556.0,3558.0,18.0,9.0,6.1,184.0,547.0,2441.0,19.0,4.5,153.0,116.0,940.0,30.0,40.7,10.7,72.85,No,2018
14.0,Green Bay Packers,16.0,376.0,5905.0,1026.0,5.8,15.0,11.0,332.0,392.0,640.0,4238.0,25.0,4.0,6.1,208.0,333.0,1667.0,14.0,5.0,98.0,108.0,937.0,26.0,38.8,6.7,108.88,No,2018
15.0,Carolina Panthers,16.0,376.0,5972.0,1011.0,5.9,22.0,6.0,356.0,378.0,563.0,3836.0,28.0,16.0,6.4,212.0,416.0,2136.0,17.0,5.1,117.0,92.0,818.0,27.0,37.0,12.1,117.24,No,2018
16.0,New York Giants,16.0,369.0,5697.0,984.0,5.8,19.0,7.0,297.0,382.0,583.0,4047.0,23.0,12.0,6.4,208.0,354.0,1650.0,13.0,4.7,71.0,114.0,951.0,18.0,38.4,9.6,70.53,No,2018
17.0,Cincinnati Bengals,16.0,368.0,4972.0,938.0,5.3,17.0,4.0,304.0,331.0,542.0,3290.0,27.0,13.0,5.7,182.0,359.0,1682.0,13.0,4.7,92.0,114.0,957.0,30.0,35.5,9.6,47.57,No,2018
18.0,Philadelphia Eagles,16.0,367.0,5845.0,1037.0,5.6,23.0,12.0,346.0,422.0,599.0,4275.0,29.0,11.0,6.7,221.0,398.0,1570.0,12.0,3.9,94.0,100.0,852.0,31.0,38.1,12.5,91.97,Yes,2018
19.0,Minnesota Vikings,16.0,360.0,5529.0,1003.0,5.5,20.0,10.0,310.0,425.0,606.0,4036.0,30.0,10.0,6.2,218.0,357.0,1493.0,9.0,4.2,66.0,92.0,779.0,26.0,32.4,10.6,7.47,No,2018
20.0,Cleveland Browns,16.0,359.0,5900.0,1023.0,5.8,24.0,7.0,314.0,353.0,574.0,4007.0,29.0,17.0,6.5,189.0,411.0,1893.0,15.0,4.6,93.0,112.0,894.0,32.0,31.2,11.4,36.91,No,2018
21.0,San Francisco 49ers,16.0,342.0,5769.0,1003.0,5.8,32.0,12.0,344.0,331.0,532.0,3867.0,26.0,20.0,6.7,201.0,423.0,1902.0,7.0,4.5,98.0,112.0,982.0,45.0,37.0,17.1,20.95,No,2018
22.0,Dallas Cowboys,16.0,339.0,5501.0,1022.0,5.4,17.0,9.0,322.0,356.0,527.0,3538.0,22.0,8.0,6.1,184.0,439.0,1963.0,13.0,4.5,113.0,104.0,885.0,25.0,37.9,10.1,83.04,Yes,2018
23.0,New York Jets,16.0,333.0,4787.0,971.0,4.9,30.0,11.0,258.0,299.0,524.0,3165.0,18.0,19.0,5.6,157.0,410.0,1622.0,11.0,4.0,84.0,114.0,948.0,17.0,32.0,14.7,-97.45,No,2018
24.0,Denver Broncos,16.0,329.0,5602.0,1015.0,5.5,21.0,6.0,320.0,367.0,588.0,3695.0,19.0,15.0,5.9,181.0,393.0,1907.0,18.0,4.9,107.0,125.0,985.0,32.0,30.6,11.3,24.23,No,2018
25.0,Detroit Lions,16.0,324.0,5236.0,1019.0,5.1,19.0,7.0,325.0,375.0,574.0,3576.0,22.0,12.0,5.8,201.0,404.0,1660.0,11.0,4.1,91.0,94.0,852.0,33.0,35.3,11.0,39.87,No,2018
26.0,Miami Dolphins,16.0,319.0,4638.0,878.0,5.3,23.0,10.0,252.0,292.0,455.0,2900.0,26.0,13.0,5.7,153.0,371.0,1738.0,7.0,4.7,75.0,108.0,978.0,24.0,28.3,12.5,-40.39,No,2018
27.0,Tennessee Titans,16.0,310.0,5002.0,940.0,5.3,18.0,6.0,289.0,293.0,437.0,2975.0,16.0,12.0,6.1,156.0,456.0,2027.0,15.0,4.4,106.0,82.0,727.0,27.0,34.9,10.2,10.48,No,2018
28.0,Oakland Raiders,16.0,290.0,5379.0,995.0,5.4,24.0,14.0,300.0,382.0,556.0,3751.0,19.0,10.0,6.2,197.0,387.0,1628.0,9.0,4.2,86.0,110.0,965.0,17.0,31.3,13.6,-17.92,No,2018
29.0,Washington Redskins,16.0,281.0,4795.0,967.0,5.0,19.0,4.0,280.0,311.0,509.0,3021.0,16.0,15.0,5.5,156.0,414.0,1774.0,12.0,4.3,96.0,115.0,1008.0,28.0,31.8,11.2,-34.07,No,2018
30.0,Buffalo Bills,16.0,269.0,4778.0,1008.0,4.7,32.0,9.0,283.0,271.0,499.0,2794.0,13.0,23.0,5.2,137.0,468.0,1984.0,15.0,4.2,108.0,116.0,992.0,38.0,26.4,15.5,-104.81,No,2018
31.0,Jacksonville Jaguars,16.0,245.0,4832.0,1005.0,4.8,29.0,16.0,277.0,329.0,536.0,3109.0,15.0,13.0,5.3,164.0,416.0,1723.0,7.0,4.1,92.0,121.0,1112.0,21.0,25.0,15.6,-98.17,No,2018
32.0,Arizona Cardinals,16.0,225.0,3865.0,902.0,4.3,28.0,10.0,239.0,283.0,495.0,2523.0,15.0,18.0,4.6,137.0,355.0,1342.0,9.0,3.8,76.0,101.0,786.0,26.0,19.3,15.0,-155.06,No,2018
,Avg Team,,373.5,5635.6,1007.0,5.6,21.8,8.7,326.9,358.2,552.2,3804.3,26.5,13.1,6.4,196.1,414.8,1831.3,13.7,4.4,100.2,107.7,919.5,30.6,36.5,11.8,68.8,No,2018
,League Total,,11952.0,180338.0,32224.0,5.6,696.0,277.0,10462.0,11462.0,17671.0,121737.0,847.0,419.0,6.4,6276.0,13272.0,58601.0,439.0,4.4,3206.0,3445.0,29423.0,980.0,36.5,11.8,,No,2018
,Avg Tm/G,,23.3,352.2,62.9,5.6,1.4,0.5,20.4,22.4,34.5,237.8,1.7,0.8,6.4,12.3,25.9,114.5,0.9,4.4,6.3,6.7,57.5,1.9,36.5,11.8,,No,2018
1.0,Baltimore Ravens,16.0,531.0,6521.0,1064.0,6.1,15.0,7.0,386.0,289.0,440.0,3225.0,37.0,8.0,6.9,171.0,596.0,3296.0,21.0,5.5,188.0,109.0,867.0,27.0,51.8,8.4,239.99,No,2019
2.0,San Francisco 49ers,16.0,479.0,6097.0,1012.0,6.0,23.0,10.0,336.0,331.0,478.0,3792.0,28.0,13.0,7.4,195.0,498.0,2305.0,23.0,4.6,110.0,105.0,939.0,31.0,44.3,12.0,140.39,Yes,2019
3.0,Tampa Bay Buccaneers,16.0,458.0,6366.0,1086.0,5.9,41.0,11.0,353.0,382.0,630.0,4845.0,33.0,30.0,7.2,244.0,409.0,1521.0,15.0,3.7,81.0,133.0,1111.0,28.0,37.9,20.2,37.0,No,2019
4.0,New Orleans Saints,16.0,458.0,5982.0,1011.0,5.9,8.0,2.0,347.0,418.0,581.0,4244.0,36.0,6.0,7.0,230.0,405.0,1738.0,12.0,4.3,97.0,120.0,1036.0,20.0,46.2,4.0,163.04,No,2019
5.0,Kansas City Chiefs,16.0,451.0,6067.0,976.0,6.2,15.0,10.0,350.0,378.0,576.0,4498.0,30.0,5.0,7.5,211.0,375.0,1569.0,16.0,4.2,93.0,107.0,1029.0,46.0,48.8,7.9,263.38,Yes,2019
6.0,Dallas Cowboys,16.0,434.0,6904.0,1069.0,6.5,18.0,7.0,379.0,388.0,597.0,4751.0,30.0,11.0,7.7,229.0,449.0,2153.0,18.0,4.8,120.0,109.0,1008.0,30.0,44.6,10.3,210.77,No,2019
7.0,New England Patriots,16.0,420.0,5664.0,1095.0,5.2,15.0,6.0,338.0,378.0,620.0,3961.0,25.0,9.0,6.1,197.0,447.0,1703.0,17.0,3.8,110.0,94.0,828.0,31.0,36.3,7.4,34.62,No,2019
8.0,Minnesota Vikings,16.0,407.0,5656.0,970.0,5.8,20.0,12.0,314.0,319.0,466.0,3523.0,26.0,8.0,7.1,171.0,476.0,2133.0,19.0,4.5,106.0,96.0,895.0,37.0,41.6,10.4,98.01,Yes,2019
9.0,Seattle Seahawks,16.0,405.0,5991.0,1046.0,5.7,20.0,14.0,341.0,341.0,517.0,3791.0,31.0,6.0,6.7,190.0,481.0,2200.0,15.0,4.6,121.0,109.0,882.0,30.0,36.5,10.6,86.55,Yes,2019
10.0,Tennessee Titans,16.0,402.0,5805.0,949.0,6.1,17.0,9.0,317.0,297.0,448.0,3582.0,29.0,8.0,7.1,177.0,445.0,2223.0,21.0,5.0,104.0,99.0,932.0,36.0,31.4,8.6,115.88,Yes,2019
11.0,Los Angeles Rams,16.0,394.0,5998.0,1055.0,5.7,24.0,7.0,342.0,397.0,632.0,4499.0,22.0,17.0,6.9,222.0,401.0,1499.0,20.0,3.7,92.0,118.0,899.0,28.0,35.7,13.0,37.09,No,2019
12.0,Philadelphia Eagles,16.0,385.0,5772.0,1104.0,5.2,23.0,15.0,354.0,391.0,613.0,3833.0,27.0,8.0,5.9,215.0,454.0,1939.0,16.0,4.3,104.0,100.0,836.0,35.0,34.8,10.7,59.85,No,2019
13.0,Atlanta Falcons,16.0,381.0,6075.0,1096.0,5.5,25.0,10.0,383.0,459.0,684.0,4714.0,29.0,15.0,6.4,258.0,362.0,1361.0,10.0,3.8,84.0,119.0,956.0,41.0,40.8,13.2,95.51,No,2019
14.0,Houston Texans,16.0,378.0,5792.0,1017.0,5.7,22.0,8.0,346.0,355.0,534.0,3783.0,27.0,14.0,6.5,203.0,434.0,2009.0,17.0,4.6,112.0,111.0,892.0,31.0,37.9,12.4,118.67,Yes,2019
15.0,Green Bay Packers,16.0,376.0,5528.0,1020.0,5.4,13.0,9.0,320.0,356.0,573.0,3733.0,26.0,4.0,6.1,190.0,411.0,1795.0,18.0,4.4,90.0,100.0,774.0,40.0,37.3,6.8,113.4,Yes,2019
16.0,Arizona Cardinals,16.0,361.0,5467.0,1000.0,5.5,18.0,6.0,314.0,355.0,554.0,3477.0,20.0,12.0,5.8,176.0,396.0,1990.0,18.0,5.0,109.0,121.0,956.0,29.0,38.8,10.1,64.36,No,2019
17.0,Indianapolis Colts,16.0,361.0,5238.0,1016.0,5.2,21.0,11.0,340.0,307.0,513.0,3108.0,22.0,10.0,5.7,165.0,471.0,2130.0,17.0,4.5,131.0,79.0,670.0,44.0,36.3,11.3,74.8,No,2019
18.0,Detroit Lions,16.0,341.0,5549.0,1021.0,5.4,23.0,8.0,313.0,344.0,571.0,3900.0,28.0,15.0,6.4,196.0,407.0,1649.0,7.0,4.1,82.0,113.0,937.0,35.0,33.3,12.0,31.07,No,2019
19.0,New York Giants,16.0,341.0,5416.0,1012.0,5.4,33.0,16.0,311.0,376.0,607.0,3731.0,30.0,17.0,5.7,187.0,362.0,1685.0,11.0,4.7,89.0,90.0,784.0,35.0,28.6,17.8,-10.3,No,2019
20.0,Carolina Panthers,16.0,340.0,5469.0,1077.0,5.1,35.0,14.0,335.0,382.0,633.0,3650.0,17.0,21.0,5.3,230.0,386.0,1819.0,20.0,4.7,82.0,87.0,754.0,23.0,32.3,16.7,-28.07,No,2019
21.0,Los Angeles Chargers,16.0,337.0,5879.0,997.0,5.9,31.0,11.0,349.0,394.0,597.0,4426.0,24.0,20.0,7.0,220.0,366.0,1453.0,12.0,4.0,90.0,103.0,872.0,39.0,38.8,18.1,82.43,No,2019
22.0,Cleveland Browns,16.0,335.0,5455.0,973.0,5.6,28.0,7.0,305.0,318.0,539.0,3554.0,22.0,21.0,6.1,180.0,393.0,1901.0,15.0,4.8,90.0,122.0,1106.0,35.0,33.9,14.8,13.54,No,2019
23.0,Buffalo Bills,16.0,314.0,5283.0,1018.0,5.2,19.0,7.0,314.0,299.0,513.0,3229.0,21.0,12.0,5.8,162.0,465.0,2054.0,13.0,4.4,120.0,117.0,927.0,32.0,30.1,10.2,6.66,No,2019
24.0,Oakland Raiders,16.0,313.0,5819.0,989.0,5.9,17.0,9.0,315.0,367.0,523.0,3926.0,22.0,8.0,7.1,194.0,437.0,1893.0,13.0,4.3,104.0,128.0,1138.0,17.0,32.7,9.7,79.57,No,2019
25.0,Miami Dolphins,16.0,306.0,4960.0,1022.0,4.9,26.0,8.0,315.0,371.0,615.0,3804.0,22.0,18.0,5.7,210.0,349.0,1156.0,10.0,3.3,64.0,92.0,769.0,41.0,30.2,13.7,-28.85,No,2019
26.0,Jacksonville Jaguars,16.0,300.0,5468.0,1020.0,5.4,20.0,12.0,298.0,364.0,589.0,3760.0,24.0,8.0,6.0,183.0,389.0,1708.0,3.0,4.4,85.0,132.0,1165.0,30.0,33.9,10.2,-23.15,No,2019
27.0,Pittsburgh Steelers,16.0,289.0,4428.0,937.0,4.7,30.0,11.0,265.0,315.0,510.0,2981.0,18.0,19.0,5.5,147.0,395.0,1447.0,7.0,3.7,75.0,111.0,893.0,43.0,28.9,16.0,-85.56,No,2019
28.0,Denver Broncos,16.0,282.0,4777.0,954.0,5.0,16.0,6.0,279.0,312.0,504.0,3115.0,16.0,10.0,5.7,162.0,409.0,1662.0,11.0,4.1,77.0,110.0,912.0,40.0,32.4,9.2,-14.61,No,2019
29.0,Chicago Bears,16.0,280.0,4749.0,1020.0,4.7,19.0,7.0,297.0,371.0,580.0,3291.0,20.0,12.0,5.3,178.0,395.0,1458.0,8.0,3.7,85.0,103.0,838.0,34.0,29.1,10.3,-41.05,No,2019
30.0,Cincinnati Bengals,16.0,279.0,5169.0,1049.0,4.9,30.0,14.0,312.0,356.0,616.0,3652.0,18.0,16.0,5.5,191.0,385.0,1517.0,9.0,3.9,85.0,93.0,761.0,36.0,29.8,15.5,-60.73,No,2019
31.0,New York Jets,16.0,276.0,4368.0,956.0,4.6,25.0,9.0,253.0,323.0,521.0,3111.0,19.0,16.0,5.4,162.0,383.0,1257.0,6.0,3.3,61.0,115.0,1105.0,30.0,23.3,11.6,-112.92,No,2019
32.0,Washington Redskins,16.0,266.0,4395.0,885.0,5.0,21.0,8.0,248.0,298.0,479.0,2812.0,18.0,13.0,5.3,154.0,356.0,1583.0,9.0,4.4,74.0,106.0,835.0,20.0,29.5,11.9,-88.3,No,2019
,Avg Team,,365.0,5565.8,1016.1,5.5,22.2,9.4,324.0,354.1,557.9,3759.4,24.9,12.8,6.3,193.8,418.3,1806.4,14.0,4.3,97.3,107.8,915.8,32.9,35.7,11.8,52.3,No,2019
,League Total,,11680.0,178107.0,32516.0,5.5,711.0,301.0,10369.0,11331.0,17853.0,120301.0,797.0,410.0,6.3,6200.0,13387.0,57806.0,447.0,4.3,3115.0,3451.0,29306.0,1054.0,35.7,11.8,,No,2019
,Avg Tm/G,,22.8,347.9,63.5,5.5,1.4,0.6,20.3,22.1,34.9,235.0,1.6,0.8,6.3,12.1,26.1,112.9,0.9,4.3,6.1,6.7,57.2,2.1,35.7,11.8,,No,2019
1.0,Green Bay Packers,16.0,509.0,6224.0,990.0,6.3,11.0,6.0,358.0,372.0,526.0,4106.0,48.0,5.0,7.5,216.0,443.0,2118.0,16.0,4.8,114.0,84.0,684.0,28.0,49.7,5.6,290.75,Yes,2020
2.0,Buffalo Bills,16.0,501.0,6343.0,1034.0,6.1,22.0,11.0,397.0,410.0,596.0,4620.0,40.0,11.0,7.4,240.0,411.0,1723.0,16.0,4.2,119.0,102.0,941.0,38.0,49.4,11.8,228.66,Yes,2020
3.0,Tampa Bay Buccaneers,16.0,492.0,6145.0,1017.0,6.0,17.0,5.0,364.0,410.0,626.0,4626.0,42.0,12.0,7.1,238.0,369.0,1519.0,16.0,4.1,82.0,84.0,715.0,44.0,47.8,8.9,246.24,Yes,2020
4.0,Tennessee Titans,16.0,491.0,6343.0,1031.0,6.2,12.0,5.0,381.0,316.0,485.0,3653.0,33.0,7.0,7.2,203.0,521.0,2690.0,26.0,5.2,142.0,86.0,783.0,36.0,47.9,7.2,245.01,No,2020
5.0,New Orleans Saints,16.0,482.0,6023.0,1045.0,5.8,17.0,9.0,367.0,370.0,522.0,3758.0,28.0,8.0,6.8,199.0,494.0,2265.0,30.0,4.6,147.0,98.0,1005.0,21.0,45.5,9.0,176.94,Yes,2020
6.0,Kansas City Chiefs,16.0,473.0,6653.0,1057.0,6.3,16.0,9.0,397.0,420.0,630.0,4854.0,40.0,7.0,7.4,255.0,403.0,1799.0,13.0,4.5,110.0,105.0,919.0,32.0,47.9,9.2,280.82,Yes,2020
7.0,Baltimore Ravens,16.0,468.0,5810.0,993.0,5.9,18.0,7.0,327.0,257.0,406.0,2739.0,27.0,11.0,6.3,142.0,555.0,3071.0,24.0,5.5,166.0,104.0,961.0,19.0,45.3,10.6,148.3,Yes,2020
8.0,Seattle Seahawks,16.0,459.0,5912.0,1022.0,5.8,18.0,5.0,356.0,388.0,563.0,3941.0,40.0,13.0,6.5,216.0,411.0,1971.0,15.0,4.8,111.0,84.0,662.0,29.0,44.4,10.1,129.24,No,2020
9.0,Indianapolis Colts,16.0,451.0,6049.0,1032.0,5.9,15.0,4.0,364.0,371.0,552.0,4053.0,24.0,11.0,7.1,201.0,459.0,1996.0,20.0,4.3,129.0,94.0,899.0,34.0,44.4,8.8,168.41,No,2020
10.0,Las Vegas Raiders,16.0,434.0,6133.0,1036.0,5.9,26.0,16.0,359.0,369.0,551.0,4217.0,28.0,10.0,7.3,206.0,457.0,1916.0,20.0,4.2,121.0,98.0,856.0,32.0,47.9,14.8,147.62,No,2020
11.0,Minnesota Vikings,16.0,430.0,6292.0,1023.0,6.2,23.0,10.0,383.0,349.0,516.0,4009.0,35.0,13.0,7.2,212.0,468.0,2283.0,20.0,4.9,139.0,82.0,650.0,32.0,39.8,12.5,157.7,No,2020
12.0,Pittsburgh Steelers,16.0,416.0,5354.0,1043.0,5.1,18.0,7.0,322.0,428.0,656.0,4003.0,35.0,11.0,6.0,206.0,373.0,1351.0,12.0,3.6,81.0,81.0,691.0,35.0,37.2,8.5,78.22,No,2020
13.0,Arizona Cardinals,16.0,410.0,6153.0,1083.0,5.7,21.0,8.0,381.0,387.0,575.0,3916.0,27.0,13.0,6.5,211.0,479.0,2237.0,22.0,4.7,136.0,113.0,868.0,34.0,40.2,11.7,103.62,No,2020
14.0,Cleveland Browns,16.0,408.0,5913.0,1022.0,5.8,16.0,8.0,355.0,315.0,501.0,3539.0,27.0,8.0,6.7,195.0,495.0,2374.0,21.0,4.8,133.0,100.0,870.0,27.0,40.6,9.7,159.48,Yes,2020
15.0,Miami Dolphins,16.0,404.0,5424.0,1021.0,5.3,20.0,7.0,345.0,370.0,559.0,3736.0,24.0,13.0,6.3,207.0,428.0,1688.0,15.0,3.9,100.0,74.0,635.0,38.0,41.4,11.0,61.96,No,2020
16.0,Atlanta Falcons,16.0,396.0,5895.0,1078.0,5.5,18.0,7.0,366.0,408.0,628.0,4363.0,27.0,11.0,6.5,243.0,409.0,1532.0,13.0,3.7,86.0,83.0,736.0,37.0,44.8,10.3,129.77,No,2020
17.0,Dallas Cowboys,16.0,395.0,5949.0,1113.0,5.3,26.0,13.0,371.0,413.0,639.0,4161.0,25.0,13.0,6.1,231.0,430.0,1788.0,14.0,4.2,115.0,96.0,849.0,25.0,40.6,14.4,58.97,No,2020
18.0,Houston Texans,16.0,384.0,6004.0,940.0,6.4,18.0,11.0,326.0,383.0,546.0,4538.0,33.0,7.0,7.6,222.0,344.0,1466.0,10.0,4.3,83.0,80.0,619.0,21.0,42.9,9.8,140.22,No,2020
19.0,Los Angeles Chargers,16.0,384.0,6113.0,1127.0,5.4,16.0,6.0,373.0,413.0,627.0,4329.0,31.0,10.0,6.5,226.0,466.0,1784.0,12.0,3.8,111.0,85.0,710.0,36.0,38.3,8.6,129.6,No,2020
20.0,Detroit Lions,16.0,377.0,5603.0,991.0,5.7,21.0,8.0,350.0,374.0,582.0,4104.0,27.0,13.0,6.6,220.0,367.0,1499.0,17.0,4.1,93.0,95.0,860.0,37.0,38.5,11.2,94.78,No,2020
21.0,San Francisco 49ers,16.0,376.0,5922.0,1046.0,5.7,31.0,14.0,350.0,371.0,570.0,4033.0,25.0,17.0,6.6,217.0,437.0,1889.0,19.0,4.3,101.0,85.0,731.0,32.0,36.3,14.8,55.7,No,2020
22.0,Los Angeles Rams,16.0,372.0,6032.0,1088.0,5.5,25.0,11.0,352.0,392.0,590.0,4014.0,20.0,14.0,6.5,206.0,473.0,2018.0,19.0,4.3,123.0,71.0,655.0,23.0,34.2,12.5,57.24,Yes,2020
23.0,Chicago Bears,16.0,372.0,5302.0,1043.0,5.1,22.0,6.0,335.0,402.0,614.0,3655.0,26.0,16.0,5.6,218.0,393.0,1647.0,12.0,4.2,93.0,88.0,777.0,24.0,38.9,12.0,34.92,No,2020
24.0,Carolina Panthers,16.0,350.0,5592.0,993.0,5.6,21.0,5.0,335.0,373.0,550.0,3888.0,16.0,16.0,6.6,192.0,407.0,1704.0,19.0,4.2,110.0,95.0,752.0,33.0,40.3,13.2,81.2,No,2020
25.0,Washington Football Team,16.0,335.0,5076.0,1051.0,4.8,27.0,11.0,322.0,389.0,601.0,3465.0,16.0,16.0,5.3,184.0,400.0,1611.0,18.0,4.0,108.0,87.0,697.0,30.0,33.3,13.1,-10.43,No,2020
26.0,Philadelphia Eagles,16.0,334.0,5354.0,1066.0,5.0,29.0,9.0,336.0,334.0,598.0,3327.0,22.0,20.0,5.0,177.0,403.0,2027.0,16.0,5.0,114.0,107.0,853.0,45.0,27.9,15.3,-13.65,No,2020
27.0,New England Patriots,16.0,326.0,5236.0,979.0,5.3,19.0,5.0,332.0,283.0,440.0,2890.0,12.0,14.0,6.1,157.0,502.0,2346.0,20.0,4.7,143.0,62.0,534.0,32.0,36.9,12.1,55.88,No,2020
28.0,Denver Broncos,16.0,323.0,5369.0,1030.0,5.2,32.0,9.0,308.0,317.0,556.0,3451.0,21.0,23.0,5.9,176.0,442.0,1918.0,13.0,4.3,94.0,81.0,670.0,38.0,33.0,17.0,-21.82,No,2020
29.0,Cincinnati Bengals,16.0,311.0,5116.0,1040.0,4.9,24.0,13.0,318.0,372.0,581.0,3448.0,19.0,11.0,5.5,201.0,411.0,1668.0,13.0,4.1,92.0,83.0,675.0,25.0,33.0,12.8,-5.13,No,2020
30.0,Jacksonville Jaguars,16.0,306.0,5218.0,997.0,5.2,25.0,9.0,310.0,387.0,616.0,3699.0,25.0,16.0,5.6,205.0,337.0,1519.0,9.0,4.5,80.0,107.0,1071.0,25.0,30.4,14.0,-6.12,No,2020
31.0,New York Giants,16.0,280.0,4794.0,966.0,5.0,22.0,11.0,297.0,321.0,517.0,3026.0,12.0,11.0,5.3,178.0,399.0,1768.0,13.0,4.4,91.0,81.0,634.0,28.0,33.5,12.6,-26.79,No,2020
32.0,New York Jets,16.0,243.0,4479.0,948.0,4.7,19.0,5.0,269.0,292.0,499.0,2796.0,16.0,14.0,5.2,146.0,406.0,1683.0,9.0,4.1,94.0,101.0,952.0,29.0,26.3,10.9,-59.07,No,2020
,Avg Team,,396.6,5744.5,1029.5,5.6,20.8,8.4,347.1,367.4,563.1,3842.4,27.2,12.3,6.4,204.6,431.0,1902.1,16.6,4.4,111.3,89.9,778.6,31.2,39.8,11.4,103.7,No,2020
,League Total,,12692.0,183825.0,32945.0,5.6,665.0,270.0,11106.0,11756.0,18018.0,122957.0,871.0,395.0,6.4,6546.0,13792.0,60868.0,532.0,4.4,3561.0,2876.0,24914.0,999.0,39.8,11.4,,No,2020
,Avg Tm/G,,24.8,359.0,64.3,5.6,1.3,0.5,21.7,23.0,35.2,240.2,1.7,0.8,6.4,12.8,26.9,118.9,1.0,4.4,7.0,5.6,48.7,2.0,39.8,11.4,,No,2020
1.0,Dallas Cowboys,17.0,530.0,6919.0,1153.0,6.0,20.0,9.0,390.0,444.0,647.0,4800.0,40.0,11.0,7.1,248.0,473.0,2119.0,15.0,4.5,111.0,127.0,1103.0,31.0,43.8,9.9,158.06,No,2021
2.0,Tampa Bay Buccaneers,17.0,511.0,6901.0,1139.0,6.1,19.0,7.0,404.0,492.0,731.0,5229.0,43.0,12.0,6.9,273.0,385.0,1672.0,18.0,4.3,106.0,97.0,874.0,25.0,44.3,9.8,216.14,Yes,2021
3.0,Buffalo Bills,17.0,483.0,6493.0,1143.0,5.7,22.0,6.0,398.0,415.0,655.0,4284.0,36.0,16.0,6.3,236.0,461.0,2209.0,20.0,4.8,134.0,113.0,980.0,28.0,45.2,11.3,216.68,Yes,2021
4.0,Kansas City Chiefs,17.0,480.0,6746.0,1134.0,5.9,25.0,12.0,419.0,448.0,675.0,4791.0,37.0,13.0,6.8,267.0,431.0,1955.0,16.0,4.5,119.0,111.0,925.0,33.0,48.2,13.7,261.77,Yes,2021
5.0,Los Angeles Chargers,17.0,474.0,6634.0,1128.0,5.9,22.0,7.0,401.0,443.0,674.0,4800.0,38.0,15.0,6.8,256.0,423.0,1834.0,18.0,4.3,112.0,116.0,1033.0,33.0,45.7,12.0,164.91,No,2021
6.0,New England Patriots,17.0,462.0,6008.0,1052.0,5.7,23.0,10.0,362.0,364.0,535.0,3857.0,24.0,13.0,6.9,187.0,489.0,2151.0,24.0,4.4,139.0,95.0,854.0,36.0,48.0,12.6,126.97,No,2021
7.0,Cincinnati Bengals,17.0,460.0,6145.0,1046.0,5.9,21.0,7.0,337.0,384.0,555.0,4403.0,36.0,14.0,7.2,208.0,436.0,1742.0,16.0,4.0,96.0,72.0,620.0,33.0,42.6,10.0,118.5,Yes,2021
8.0,Los Angeles Rams,17.0,460.0,6325.0,1058.0,6.0,23.0,5.0,355.0,406.0,607.0,4642.0,41.0,18.0,7.3,233.0,420.0,1683.0,10.0,4.0,99.0,76.0,637.0,23.0,45.9,12.2,161.53,Yes,2021
9.0,Indianapolis Colts,17.0,451.0,5901.0,1052.0,5.6,19.0,11.0,354.0,324.0,521.0,3361.0,27.0,8.0,6.1,167.0,499.0,2540.0,22.0,5.1,154.0,76.0,688.0,33.0,43.3,8.9,127.06,No,2021
10.0,Green Bay Packers,17.0,450.0,6215.0,1072.0,5.8,13.0,6.0,375.0,402.0,593.0,4315.0,39.0,7.0,6.9,235.0,446.0,1900.0,13.0,4.3,109.0,69.0,678.0,31.0,44.5,6.4,180.42,No,2021
11.0,Arizona Cardinals,17.0,449.0,6352.0,1126.0,5.6,15.0,4.0,367.0,415.0,591.0,4276.0,27.0,11.0,6.8,214.0,496.0,2076.0,23.0,4.2,127.0,114.0,990.0,26.0,44.7,7.8,119.94,No,2021
12.0,Philadelphia Eagles,17.0,444.0,6119.0,1075.0,5.7,16.0,6.0,352.0,307.0,494.0,3404.0,20.0,10.0,6.5,167.0,550.0,2715.0,25.0,4.9,163.0,107.0,842.0,22.0,43.4,9.2,113.05,No,2021
13.0,San Francisco 49ers,17.0,427.0,6387.0,1046.0,6.1,24.0,10.0,361.0,343.0,514.0,4221.0,26.0,14.0,7.7,200.0,499.0,2166.0,22.0,4.3,130.0,102.0,1066.0,31.0,41.2,11.5,130.03,Yes,2021
14.0,Minnesota Vikings,17.0,425.0,6168.0,1083.0,5.7,13.0,6.0,332.0,398.0,604.0,4238.0,34.0,7.0,6.7,202.0,449.0,1930.0,10.0,4.3,103.0,111.0,1043.0,27.0,39.3,6.6,72.05,No,2021
15.0,Tennessee Titans,17.0,419.0,5822.0,1133.0,5.1,25.0,11.0,362.0,359.0,535.0,3418.0,22.0,14.0,5.9,194.0,551.0,2404.0,23.0,4.4,134.0,103.0,973.0,34.0,38.9,13.0,79.19,No,2021
16.0,Seattle Seahawks,17.0,395.0,5506.0,954.0,5.8,13.0,6.0,302.0,324.0,495.0,3432.0,30.0,7.0,6.3,166.0,413.0,2074.0,18.0,5.0,106.0,97.0,803.0,30.0,34.8,7.0,99.28,No,2021
17.0,Baltimore Ravens,17.0,387.0,6440.0,1185.0,5.4,26.0,8.0,394.0,396.0,611.0,3961.0,21.0,18.0,5.9,209.0,517.0,2479.0,18.0,4.8,159.0,102.0,852.0,26.0,38.5,13.3,59.67,No,2021
18.0,Las Vegas Raiders,17.0,374.0,6184.0,1082.0,5.7,24.0,10.0,349.0,429.0,628.0,4567.0,23.0,14.0,6.8,217.0,414.0,1617.0,14.0,3.9,95.0,124.0,1104.0,37.0,41.0,12.8,77.89,No,2021
19.0,New Orleans Saints,17.0,364.0,5177.0,1051.0,4.9,18.0,5.0,307.0,293.0,504.0,3186.0,29.0,13.0,5.9,165.0,510.0,1991.0,12.0,3.9,113.0,98.0,811.0,29.0,33.7,8.7,-11.97,No,2021
20.0,Cleveland Browns,17.0,349.0,5791.0,1054.0,5.5,22.0,8.0,342.0,320.0,520.0,3320.0,21.0,14.0,5.8,177.0,485.0,2471.0,20.0,5.1,138.0,112.0,1035.0,27.0,32.2,12.4,58.49,No,2021
21.0,Pittsburgh Steelers,17.0,343.0,5361.0,1113.0,4.8,20.0,9.0,323.0,425.0,664.0,3778.0,23.0,11.0,5.4,204.0,411.0,1583.0,10.0,3.9,85.0,106.0,831.0,34.0,34.7,9.5,-14.49,No,2021
22.0,Miami Dolphins,17.0,341.0,5219.0,1097.0,4.8,26.0,12.0,325.0,404.0,615.0,3651.0,21.0,14.0,5.6,206.0,442.0,1568.0,12.0,3.5,87.0,105.0,825.0,32.0,30.1,12.4,-11.96,No,2021
23.0,Denver Broncos,17.0,335.0,5618.0,1036.0,5.4,18.0,9.0,331.0,354.0,541.0,3593.0,20.0,9.0,6.2,179.0,455.0,2025.0,16.0,4.5,124.0,83.0,711.0,28.0,36.9,9.5,61.32,No,2021
24.0,Washington Football Team,17.0,335.0,5502.0,1070.0,5.1,24.0,9.0,345.0,356.0,550.0,3441.0,21.0,15.0,5.8,181.0,477.0,2061.0,13.0,4.3,129.0,82.0,743.0,35.0,34.6,13.4,15.8,No,2021
25.0,Detroit Lions,17.0,325.0,5484.0,1056.0,5.2,23.0,9.0,329.0,396.0,593.0,3598.0,23.0,14.0,5.7,193.0,427.0,1886.0,12.0,4.4,104.0,105.0,824.0,32.0,34.3,12.9,6.87,No,2021
26.0,Atlanta Falcons,17.0,313.0,5164.0,1006.0,5.1,26.0,11.0,306.0,377.0,573.0,3713.0,20.0,15.0,6.1,196.0,393.0,1451.0,11.0,3.7,75.0,92.0,753.0,35.0,32.8,14.7,-18.38,No,2021
27.0,Chicago Bears,17.0,311.0,5225.0,1075.0,4.9,29.0,9.0,333.0,332.0,542.0,3207.0,16.0,20.0,5.3,180.0,475.0,2018.0,14.0,4.2,119.0,106.0,919.0,34.0,31.5,15.2,-40.89,No,2021
28.0,New York Jets,17.0,310.0,5208.0,1036.0,5.0,27.0,7.0,310.0,357.0,603.0,3541.0,20.0,20.0,5.4,195.0,380.0,1667.0,14.0,4.4,87.0,103.0,860.0,28.0,29.4,14.4,-32.71,No,2021
29.0,Carolina Panthers,17.0,304.0,5081.0,1106.0,4.6,29.0,8.0,322.0,348.0,599.0,3239.0,14.0,21.0,5.0,174.0,455.0,1842.0,17.0,4.0,118.0,107.0,864.0,30.0,29.2,14.9,-92.1,No,2021
30.0,Houston Texans,17.0,280.0,4727.0,1010.0,4.7,22.0,7.0,266.0,354.0,546.0,3305.0,21.0,15.0,5.6,162.0,420.0,1422.0,8.0,3.4,77.0,114.0,978.0,27.0,26.6,11.2,-74.29,No,2021
31.0,New York Giants,17.0,258.0,4884.0,1050.0,4.7,30.0,10.0,299.0,351.0,593.0,3196.0,15.0,20.0,5.1,171.0,419.0,1688.0,8.0,4.0,90.0,88.0,674.0,38.0,27.5,15.9,-100.13,No,2021
32.0,Jacksonville Jaguars,17.0,253.0,5191.0,1028.0,5.0,29.0,12.0,304.0,361.0,604.0,3436.0,12.0,17.0,5.4,178.0,392.0,1755.0,13.0,4.5,92.0,104.0,856.0,34.0,26.4,15.7,-42.52,No,2021
,Avg Team,,390.7,5840.5,1076.5,5.4,22.1,8.3,345.5,378.8,584.8,3881.3,26.3,13.8,6.2,201.3,452.9,1959.2,15.8,4.3,113.6,100.5,867.2,30.7,37.8,11.5,68.3,No,2021
,League Total,,12502.0,186897.0,34449.0,5.4,706.0,266.0,11056.0,12121.0,18712.0,124203.0,840.0,440.0,6.2,6440.0,14493.0,62694.0,505.0,4.3,3634.0,3217.0,27749.0,982.0,37.8,11.5,,No,2021
,Avg Tm/G,,23.0,343.6,63.3,5.4,1.3,0.5,20.3,22.3,34.4,228.3,1.5,0.8,6.2,11.8,26.6,115.2,0.9,4.3,6.7,5.9,51.0,1.8,37.8,11.5,,No,2021
1.0,Kansas City Chiefs,17.0,496.0,7032.0,1094.0,6.4,23.0,11.0,408.0,435.0,651.0,5062.0,41.0,12.0,7.5,272.0,417.0,1970.0,18.0,4.7,105.0,87.0,838.0,31.0,46.4,10.1,281.0,Yes,2022
2.0,Philadelphia Eagles,17.0,477.0,6614.0,1124.0,5.9,19.0,10.0,385.0,350.0,536.0,4105.0,25.0,9.0,7.1,195.0,544.0,2509.0,32.0,4.6,161.0,90.0,682.0,29.0,42.5,10.2,226.96,Yes,2022
3.0,Dallas Cowboys,17.0,467.0,6034.0,1114.0,5.4,23.0,5.0,347.0,355.0,556.0,3736.0,28.0,18.0,6.4,194.0,531.0,2298.0,24.0,4.3,129.0,104.0,842.0,24.0,41.5,10.8,112.34,Yes,2022
4.0,Buffalo Bills,16.0,455.0,6361.0,1037.0,6.1,27.0,13.0,367.0,361.0,574.0,4129.0,35.0,14.0,6.8,212.0,430.0,2232.0,15.0,5.2,128.0,92.0,709.0,27.0,45.0,15.2,157.46,Yes,2022
5.0,Detroit Lions,17.0,453.0,6460.0,1092.0,5.9,15.0,8.0,376.0,383.0,588.0,4281.0,29.0,7.0,7.0,228.0,480.0,2179.0,23.0,4.5,114.0,90.0,773.0,34.0,43.2,8.0,162.04,No,2022
6.0,San Francisco 49ers,17.0,450.0,6216.0,1047.0,5.9,17.0,8.0,347.0,338.0,512.0,3856.0,30.0,9.0,7.1,188.0,504.0,2360.0,20.0,4.7,132.0,94.0,730.0,27.0,41.4,9.1,161.29,Yes,2022
7.0,Minnesota Vikings,17.0,424.0,6145.0,1123.0,5.5,23.0,8.0,382.0,448.0,672.0,4484.0,30.0,15.0,6.2,244.0,404.0,1661.0,18.0,4.1,93.0,88.0,684.0,45.0,36.0,11.7,89.64,No,2022
8.0,Cincinnati Bengals,16.0,418.0,5768.0,1053.0,5.5,18.0,6.0,357.0,418.0,610.0,4240.0,35.0,12.0,6.5,221.0,399.0,1528.0,14.0,3.8,96.0,81.0,623.0,40.0,41.5,9.7,147.62,Yes,2022
9.0,Seattle Seahawks,17.0,407.0,5976.0,1044.0,5.7,23.0,11.0,346.0,399.0,573.0,3934.0,30.0,12.0,6.4,206.0,425.0,2042.0,12.0,4.8,106.0,106.0,854.0,34.0,40.6,11.2,63.6,No,2022
10.0,Jacksonville Jaguars,17.0,404.0,6075.0,1072.0,5.7,22.0,13.0,352.0,394.0,596.0,3959.0,25.0,9.0,6.3,208.0,448.0,2116.0,16.0,4.7,114.0,90.0,674.0,30.0,39.2,12.2,103.21,Yes,2022
11.0,Miami Dolphins,17.0,397.0,6197.0,1009.0,6.1,21.0,6.0,342.0,368.0,584.0,4511.0,30.0,15.0,7.3,220.0,390.0,1686.0,12.0,4.3,93.0,111.0,881.0,29.0,38.8,11.8,79.06,No,2022
12.0,Las Vegas Raiders,17.0,395.0,5993.0,1049.0,5.7,21.0,4.0,343.0,359.0,586.0,3934.0,28.0,17.0,6.3,193.0,428.0,2059.0,12.0,4.8,122.0,113.0,932.0,28.0,42.4,12.2,74.09,No,2022
13.0,Los Angeles Chargers,17.0,391.0,6108.0,1154.0,5.3,19.0,9.0,352.0,485.0,711.0,4584.0,26.0,10.0,6.1,232.0,404.0,1524.0,15.0,3.8,93.0,81.0,635.0,27.0,38.1,9.5,75.75,No,2022
14.0,Green Bay Packers,17.0,370.0,5745.0,1051.0,5.5,22.0,10.0,334.0,364.0,563.0,3632.0,27.0,12.0,6.1,186.0,456.0,2113.0,12.0,4.6,116.0,89.0,747.0,32.0,36.2,11.3,68.9,No,2022
15.0,Atlanta Falcons,17.0,365.0,5417.0,1011.0,5.4,21.0,12.0,330.0,257.0,415.0,2699.0,17.0,9.0,6.0,148.0,559.0,2718.0,17.0,4.9,152.0,68.0,594.0,30.0,39.5,11.4,73.69,No,2022
16.0,New York Giants,17.0,365.0,5676.0,1089.0,5.2,16.0,10.0,352.0,346.0,520.0,3157.0,17.0,6.0,5.5,170.0,520.0,2519.0,21.0,4.8,150.0,106.0,827.0,32.0,37.3,7.3,78.05,Yes,2022
17.0,New England Patriots,17.0,364.0,5348.0,1006.0,5.3,23.0,9.0,288.0,358.0,540.0,3536.0,19.0,14.0,6.1,166.0,425.0,1812.0,12.0,4.3,98.0,104.0,841.0,24.0,32.8,12.0,-25.81,No,2022
18.0,Cleveland Browns,17.0,361.0,5934.0,1116.0,5.3,21.0,9.0,350.0,335.0,540.0,3444.0,19.0,12.0,5.9,182.0,532.0,2490.0,19.0,4.7,142.0,102.0,865.0,26.0,34.6,11.2,58.03,No,2022
19.0,Baltimore Ravens,17.0,350.0,5760.0,1052.0,5.5,21.0,8.0,337.0,300.0,488.0,3040.0,19.0,13.0,5.8,149.0,526.0,2720.0,14.0,5.2,167.0,82.0,678.0,21.0,38.9,11.7,48.17,No,2022
20.0,Carolina Panthers,17.0,347.0,5206.0,976.0,5.3,21.0,8.0,281.0,267.0,457.0,2996.0,16.0,13.0,6.1,138.0,483.0,2210.0,16.0,4.6,119.0,104.0,862.0,24.0,35.3,9.6,-5.06,No,2022
21.0,Arizona Cardinals,17.0,340.0,5499.0,1144.0,4.8,25.0,8.0,326.0,433.0,664.0,3626.0,17.0,17.0,5.1,189.0,434.0,1873.0,15.0,4.3,115.0,118.0,916.0,22.0,32.1,12.8,-36.27,No,2022
22.0,New Orleans Saints,17.0,330.0,5674.0,1015.0,5.6,25.0,11.0,305.0,338.0,512.0,3692.0,24.0,14.0,6.7,181.0,465.0,1982.0,12.0,4.3,103.0,99.0,841.0,21.0,31.7,12.9,17.3,No,2022
23.0,Chicago Bears,17.0,326.0,5233.0,993.0,5.3,25.0,10.0,278.0,223.0,377.0,2219.0,19.0,15.0,5.1,109.0,558.0,3014.0,18.0,5.4,148.0,80.0,754.0,21.0,34.3,12.7,-7.14,No,2022
24.0,Washington Commanders,17.0,321.0,5615.0,1140.0,4.9,23.0,7.0,339.0,344.0,554.0,3472.0,24.0,16.0,5.8,184.0,538.0,2143.0,9.0,4.0,124.0,92.0,805.0,31.0,29.4,11.7,-24.27,No,2022
25.0,Tampa Bay Buccaneers,17.0,313.0,5894.0,1159.0,5.1,22.0,12.0,346.0,499.0,751.0,4586.0,26.0,10.0,5.9,240.0,386.0,1308.0,5.0,3.4,79.0,99.0,793.0,27.0,32.0,10.3,1.03,No,2022
26.0,Pittsburgh Steelers,17.0,308.0,5484.0,1109.0,4.9,19.0,5.0,345.0,364.0,571.0,3411.0,12.0,14.0,5.6,189.0,500.0,2073.0,16.0,4.1,129.0,94.0,711.0,27.0,35.0,9.6,42.17,No,2022
27.0,Los Angeles Rams,17.0,307.0,4769.0,1001.0,4.8,23.0,8.0,293.0,347.0,531.0,3108.0,16.0,15.0,5.3,181.0,411.0,1661.0,15.0,4.0,89.0,76.0,655.0,23.0,33.5,13.1,-7.51,No,2022
28.0,Tennessee Titans,17.0,298.0,5045.0,992.0,5.1,23.0,12.0,277.0,285.0,456.0,2914.0,16.0,11.0,5.8,153.0,487.0,2131.0,16.0,4.4,104.0,111.0,956.0,20.0,27.9,10.5,-27.22,No,2022
29.0,New York Jets,17.0,296.0,5409.0,1074.0,5.0,23.0,9.0,294.0,357.0,627.0,3723.0,15.0,14.0,5.6,191.0,405.0,1686.0,13.0,4.2,79.0,91.0,866.0,24.0,29.9,11.9,-47.59,No,2022
30.0,Houston Texans,17.0,289.0,4820.0,1015.0,4.7,28.0,9.0,277.0,352.0,579.0,3344.0,20.0,19.0,5.4,159.0,398.0,1476.0,7.0,3.7,90.0,88.0,644.0,28.0,28.8,13.6,-120.59,No,2022
31.0,Indianapolis Colts,17.0,289.0,5298.0,1103.0,4.8,34.0,14.0,310.0,398.0,604.0,3432.0,17.0,20.0,5.2,193.0,439.0,1866.0,8.0,4.3,91.0,89.0,794.0,26.0,29.2,16.9,-110.46,No,2022
32.0,Denver Broncos,17.0,287.0,5527.0,1078.0,5.1,24.0,9.0,300.0,345.0,571.0,3592.0,18.0,15.0,5.7,166.0,444.0,1935.0,11.0,4.4,105.0,113.0,970.0,29.0,28.6,10.6,-41.62,No,2022
,Avg Team,,370.6,5760.4,1066.8,5.4,22.2,9.1,333.3,362.7,564.7,3701.2,23.4,13.1,6.1,190.2,461.6,2059.2,15.2,4.5,115.2,94.8,780.5,27.9,36.2,11.3,52.1,No,2022
,League Total,,11860.0,184332.0,34136.0,5.4,710.0,292.0,10666.0,11605.0,18069.0,118438.0,750.0,418.0,6.1,6087.0,14770.0,65894.0,487.0,4.5,3686.0,3032.0,24976.0,893.0,36.2,11.3,,No,2022
,Avg Tm/G,,21.9,340.1,63.0,5.4,1.3,0.5,19.7,21.4,33.3,218.5,1.4,0.8,6.1,11.2,27.3,121.6,0.9,4.5,6.8,5.6,46.1,1.6,36.2,11.3,,No,2022
1.0,Dallas Cowboys,17.0,509.0,6317.0,1122.0,5.6,16.0,6.0,385.0,428.0,614.0,4397.0,36.0,10.0,6.7,229.0,468.0,1920.0,14.0,4.1,113.0,115.0,964.0,43.0,50.3,8.9,192.72,No,2023
2.0,Miami Dolphins,17.0,496.0,6822.0,1053.0,6.5,25.0,10.0,360.0,393.0,566.0,4514.0,30.0,15.0,7.6,223.0,456.0,2308.0,27.0,5.1,113.0,97.0,767.0,24.0,43.5,13.4,128.9,No,2023
3.0,San Francisco 49ers,17.0,491.0,6773.0,1024.0,6.6,18.0,6.0,383.0,336.0,491.0,4384.0,33.0,12.0,8.4,207.0,499.0,2389.0,27.0,4.8,147.0,101.0,933.0,29.0,45.3,10.1,268.6,Yes,2023
4.0,Baltimore Ravens,17.0,483.0,6296.0,1076.0,5.9,19.0,12.0,360.0,328.0,494.0,3635.0,27.0,7.0,6.8,180.0,541.0,2661.0,26.0,4.9,145.0,102.0,955.0,35.0,43.1,9.6,138.81,Yes,2023
5.0,Detroit Lions,17.0,461.0,6712.0,1137.0,5.9,23.0,11.0,375.0,408.0,606.0,4401.0,30.0,12.0,6.9,228.0,500.0,2311.0,27.0,4.6,124.0,97.0,843.0,23.0,40.6,11.8,191.13,Yes,2023
6.0,Buffalo Bills,17.0,451.0,6366.0,1115.0,5.7,28.0,10.0,381.0,385.0,579.0,4154.0,29.0,18.0,6.9,199.0,512.0,2212.0,22.0,4.3,158.0,106.0,883.0,24.0,41.4,14.9,197.57,Yes,2023
7.0,Philadelphia Eagles,17.0,433.0,6024.0,1112.0,5.4,28.0,12.0,377.0,369.0,563.0,3834.0,24.0,16.0,6.4,197.0,510.0,2190.0,22.0,4.3,149.0,95.0,785.0,31.0,42.9,15.3,100.97,No,2023
8.0,Los Angeles Rams,17.0,404.0,6108.0,1094.0,5.6,18.0,5.0,351.0,361.0,583.0,4063.0,26.0,13.0,6.6,206.0,477.0,2045.0,18.0,4.3,110.0,89.0,720.0,35.0,41.1,9.2,133.32,No,2023
9.0,New Orleans Saints,17.0,402.0,5732.0,1121.0,5.1,18.0,7.0,337.0,406.0,606.0,3990.0,28.0,11.0,6.2,199.0,480.0,1742.0,13.0,3.6,112.0,96.0,846.0,26.0,36.6,8.2,46.88,No,2023
10.0,Indianapolis Colts,17.0,396.0,5725.0,1094.0,5.2,22.0,12.0,324.0,355.0,574.0,3666.0,18.0,10.0,6.0,178.0,479.0,2059.0,19.0,4.3,113.0,95.0,685.0,33.0,35.7,9.2,30.12,No,2023
11.0,Cleveland Browns,17.0,396.0,5710.0,1187.0,4.8,37.0,14.0,325.0,355.0,624.0,3693.0,24.0,23.0,5.5,173.0,518.0,2017.0,15.0,3.9,121.0,115.0,897.0,31.0,32.9,16.2,-110.55,No,2023
12.0,Green Bay Packers,17.0,383.0,5873.0,1052.0,5.6,18.0,7.0,338.0,374.0,581.0,3968.0,32.0,11.0,6.5,211.0,441.0,1905.0,10.0,4.3,101.0,105.0,856.0,26.0,39.7,9.2,156.77,Yes,2023
13.0,Houston Texans,17.0,377.0,5820.0,1083.0,5.4,14.0,6.0,329.0,372.0,592.0,4173.0,27.0,8.0,6.5,215.0,444.0,1647.0,10.0,3.7,84.0,114.0,937.0,30.0,37.2,7.3,44.11,Yes,2023
14.0,Jacksonville Jaguars,17.0,377.0,5772.0,1114.0,5.2,30.0,16.0,336.0,412.0,620.0,4126.0,22.0,14.0,6.2,199.0,453.0,1646.0,17.0,3.6,98.0,83.0,644.0,39.0,35.4,14.9,13.64,No,2023
15.0,Kansas City Chiefs,17.0,371.0,5972.0,1080.0,5.5,28.0,11.0,350.0,421.0,635.0,4188.0,28.0,17.0,6.3,216.0,417.0,1784.0,9.0,4.3,107.0,96.0,845.0,27.0,39.3,14.6,87.96,Yes,2023
16.0,Cincinnati Bengals,17.0,366.0,5422.0,1048.0,5.2,16.0,2.0,329.0,420.0,615.0,3895.0,27.0,14.0,5.9,208.0,383.0,1527.0,12.0,4.0,90.0,76.0,614.0,31.0,34.6,8.5,41.53,No,2023
17.0,Seattle Seahawks,17.0,364.0,5490.0,995.0,5.5,17.0,5.0,317.0,371.0,575.0,3910.0,23.0,12.0,6.4,189.0,382.0,1580.0,11.0,4.1,93.0,111.0,954.0,35.0,38.8,8.4,62.33,No,2023
18.0,Chicago Bears,17.0,360.0,5495.0,1097.0,5.0,25.0,10.0,322.0,321.0,513.0,3096.0,19.0,15.0,5.5,169.0,534.0,2399.0,16.0,4.5,137.0,99.0,853.0,16.0,38.0,13.0,-10.73,No,2023
19.0,Denver Broncos,17.0,357.0,5072.0,1016.0,5.0,22.0,13.0,301.0,337.0,513.0,3262.0,28.0,9.0,5.8,154.0,451.0,1810.0,8.0,4.0,116.0,99.0,749.0,31.0,34.9,10.6,7.68,No,2023
20.0,Tampa Bay Buccaneers,17.0,348.0,5321.0,1047.0,5.1,18.0,8.0,300.0,364.0,568.0,3812.0,28.0,10.0,6.3,188.0,439.0,1509.0,8.0,3.4,79.0,100.0,751.0,33.0,35.5,9.8,57.3,Yes,2023
21.0,Los Angeles Chargers,17.0,346.0,5599.0,1106.0,5.1,21.0,13.0,319.0,409.0,632.0,3957.0,24.0,8.0,5.9,204.0,431.0,1642.0,11.0,3.8,89.0,79.0,725.0,26.0,34.7,10.5,-5.38,No,2023
22.0,Minnesota Vikings,17.0,344.0,5912.0,1071.0,5.5,34.0,15.0,340.0,424.0,631.0,4359.0,30.0,19.0,6.4,220.0,393.0,1553.0,7.0,4.0,79.0,89.0,670.0,41.0,34.1,18.4,42.62,No,2023
23.0,Las Vegas Raiders,17.0,332.0,4922.0,1010.0,4.9,24.0,6.0,292.0,348.0,557.0,3380.0,20.0,18.0,5.7,182.0,413.0,1542.0,11.0,3.7,83.0,75.0,629.0,27.0,31.8,13.4,-27.95,No,2023
24.0,Arizona Cardinals,17.0,330.0,5509.0,1068.0,5.2,18.0,6.0,330.0,355.0,555.0,3144.0,18.0,12.0,5.3,173.0,471.0,2365.0,17.0,5.0,127.0,101.0,859.0,30.0,35.0,9.4,-2.99,No,2023
25.0,Washington Commanders,17.0,329.0,5317.0,1060.0,5.0,32.0,11.0,321.0,407.0,636.0,3725.0,24.0,21.0,5.3,190.0,359.0,1592.0,14.0,4.4,99.0,87.0,701.0,32.0,29.4,15.2,-29.99,No,2023
26.0,Atlanta Falcons,17.0,321.0,5683.0,1092.0,5.2,28.0,11.0,326.0,327.0,530.0,3524.0,17.0,17.0,6.2,181.0,522.0,2159.0,14.0,4.1,121.0,84.0,743.0,24.0,32.1,14.3,-32.52,No,2023
27.0,Tennessee Titans,17.0,305.0,4913.0,1002.0,4.9,20.0,9.0,298.0,304.0,494.0,3067.0,14.0,11.0,5.5,158.0,444.0,1846.0,16.0,4.2,103.0,110.0,882.0,37.0,32.6,9.4,3.82,No,2023
28.0,Pittsburgh Steelers,17.0,304.0,5173.0,1029.0,5.0,16.0,7.0,287.0,323.0,506.0,3163.0,13.0,9.0,5.8,153.0,487.0,2010.0,16.0,4.1,115.0,86.0,753.0,19.0,29.9,7.7,-16.68,No,2023
29.0,New York Jets,17.0,268.0,4566.0,1053.0,4.3,33.0,18.0,260.0,356.0,601.0,2919.0,11.0,15.0,4.4,156.0,388.0,1647.0,7.0,4.2,77.0,124.0,945.0,27.0,26.0,13.9,-199.77,No,2023
30.0,New York Giants,17.0,266.0,4760.0,1057.0,4.5,19.0,7.0,267.0,338.0,518.0,2886.0,15.0,12.0,4.8,141.0,454.0,1874.0,10.0,4.1,97.0,89.0,711.0,29.0,23.6,8.5,-130.06,No,2023
31.0,New England Patriots,17.0,236.0,4696.0,1020.0,4.6,29.0,8.0,261.0,351.0,557.0,3069.0,16.0,21.0,5.1,153.0,415.0,1627.0,9.0,3.9,93.0,89.0,676.0,15.0,20.2,14.3,-157.57,No,2023
32.0,Carolina Panthers,17.0,236.0,4510.0,1096.0,4.1,20.0,10.0,297.0,350.0,586.0,2741.0,13.0,10.0,4.2,150.0,445.0,1769.0,7.0,4.0,111.0,103.0,845.0,36.0,25.0,11.1,-135.03,No,2023
,Avg Team,,370.1,5636.9,1072.8,5.3,22.9,9.5,327.4,369.0,572.3,3721.7,23.6,13.4,6.0,188.4,456.4,1915.2,14.7,4.2,109.5,97.1,800.6,29.5,35.5,11.6,34.0,No,2023
,League Total,,11842.0,180382.0,34331.0,5.3,734.0,304.0,10478.0,11808.0,18315.0,119095.0,754.0,430.0,6.0,6029.0,14606.0,61287.0,470.0,4.2,3504.0,3107.0,25620.0,945.0,35.5,11.6,,No,2023
,Avg Tm/G,,21.8,331.6,63.1,5.3,1.3,0.6,19.3,21.7,33.7,218.9,1.4,0.8,6.0,11.1,26.8,112.7,0.9,4.2,6.4,5.7,47.1,1.7,35.5,11.6,,No,2023
1.0,Detroit Lions,17.0,564.0,6962.0,1118.0,6.2,15.0,3.0,410.0,399.0,551.0,4474.0,39.0,12.0,7.7,242.0,534.0,2488.0,29.0,4.7,144.0,107.0,988.0,24.0,51.6,8.2,269.8,No,2024
2.0,Buffalo Bills,17.0,525.0,6105.0,1025.0,6.0,8.0,2.0,360.0,329.0,520.0,3875.0,30.0,6.0,7.3,181.0,491.0,2230.0,32.0,4.5,140.0,112.0,833.0,39.0,49.7,4.6,266.71,Yes,2024
3.0,Baltimore Ravens,17.0,518.0,7224.0,1055.0,6.8,11.0,7.0,393.0,318.0,477.0,4035.0,41.0,4.0,8.1,199.0,554.0,3189.0,21.0,5.8,164.0,132.0,1120.0,30.0,47.0,6.1,300.81,Yes,2024
4.0,Tampa Bay Buccaneers,17.0,502.0,6793.0,1094.0,6.2,23.0,7.0,395.0,408.0,571.0,4257.0,41.0,16.0,7.0,224.0,483.0,2536.0,16.0,5.3,137.0,108.0,839.0,34.0,48.1,12.7,207.09,No,2024
5.0,Washington Commanders,17.0,485.0,6284.0,1101.0,5.7,16.0,7.0,380.0,365.0,525.0,3665.0,29.0,9.0,6.4,192.0,526.0,2619.0,25.0,5.0,154.0,111.0,960.0,34.0,50.0,8.0,242.98,Yes,2024
6.0,Cincinnati Bengals,17.0,472.0,6214.0,1080.0,5.8,22.0,13.0,376.0,460.0,652.0,4640.0,43.0,9.0,6.6,253.0,380.0,1574.0,11.0,4.1,88.0,101.0,780.0,35.0,43.6,10.5,150.85,No,2024
7.0,Philadelphia Eagles,17.0,463.0,6242.0,1114.0,5.6,15.0,9.0,360.0,303.0,448.0,3194.0,24.0,6.0,6.5,168.0,621.0,3048.0,29.0,4.9,164.0,103.0,793.0,28.0,44.5,6.6,202.72,Yes,2024
8.0,Green Bay Packers,17.0,460.0,6303.0,1027.0,6.1,19.0,8.0,343.0,308.0,479.0,3807.0,28.0,11.0,7.6,171.0,526.0,2496.0,23.0,4.7,142.0,112.0,836.0,30.0,45.9,9.9,138.96,No,2024
9.0,Minnesota Vikings,17.0,432.0,5898.0,1054.0,5.6,21.0,9.0,353.0,364.0,548.0,4043.0,35.0,12.0,6.8,210.0,457.0,1855.0,9.0,4.1,100.0,110.0,845.0,43.0,41.4,10.5,70.97,No,2024
10.0,Denver Broncos,17.0,425.0,5518.0,1055.0,5.2,19.0,7.0,315.0,379.0,570.0,3610.0,30.0,12.0,6.1,172.0,461.0,1908.0,12.0,4.1,124.0,108.0,941.0,19.0,38.4,10.0,48.21,No,2024
11.0,Los Angeles Chargers,17.0,402.0,5511.0,1017.0,5.4,9.0,6.0,316.0,336.0,510.0,3629.0,23.0,3.0,6.6,176.0,463.0,1882.0,17.0,4.1,110.0,96.0,718.0,30.0,42.9,4.4,83.28,No,2024
12.0,Arizona Cardinals,17.0,400.0,6090.0,1036.0,5.9,20.0,9.0,356.0,374.0,543.0,3639.0,21.0,11.0,6.4,191.0,463.0,2451.0,18.0,5.3,136.0,92.0,806.0,29.0,44.6,11.9,132.27,No,2024
13.0,Atlanta Falcons,17.0,389.0,6287.0,1086.0,5.8,24.0,5.0,359.0,364.0,559.0,4068.0,21.0,19.0,6.9,198.0,495.0,2219.0,18.0,4.5,133.0,99.0,828.0,28.0,39.6,13.6,99.63,No,2024
14.0,San Francisco 49ers,17.0,389.0,6397.0,1026.0,6.2,27.0,11.0,352.0,349.0,533.0,4234.0,23.0,16.0,7.4,204.0,457.0,2163.0,17.0,4.7,120.0,111.0,843.0,28.0,41.7,13.7,115.77,No,2024
15.0,Kansas City Chiefs,17.0,385.0,5570.0,1091.0,5.1,14.0,3.0,350.0,404.0,600.0,3780.0,26.0,11.0,5.9,219.0,450.0,1790.0,15.0,4.0,106.0,94.0,829.0,25.0,43.2,8.3,113.11,Yes,2024
16.0,Pittsburgh Steelers,17.0,380.0,5430.0,1081.0,5.0,17.0,11.0,318.0,321.0,499.0,3264.0,21.0,6.0,6.0,158.0,533.0,2166.0,14.0,4.1,122.0,102.0,823.0,38.0,39.6,8.6,13.94,No,2024
17.0,Indianapolis Colts,17.0,377.0,5692.0,1041.0,5.5,29.0,10.0,315.0,289.0,513.0,3361.0,20.0,19.0,6.2,161.0,496.0,2331.0,20.0,4.7,130.0,93.0,684.0,24.0,36.6,14.9,12.49,No,2024
18.0,Seattle Seahawks,17.0,375.0,5647.0,1030.0,5.5,24.0,8.0,329.0,413.0,593.0,4020.0,21.0,16.0,6.2,211.0,383.0,1627.0,17.0,4.2,88.0,119.0,987.0,30.0,35.2,9.9,26.6,No,2024
19.0,Houston Texans,17.0,372.0,5435.0,1058.0,5.1,19.0,7.0,308.0,357.0,570.0,3526.0,20.0,12.0,5.7,197.0,434.0,1909.0,15.0,4.4,89.0,119.0,981.0,22.0,36.8,9.3,11.46,Yes,2024
20.0,Los Angeles Rams,17.0,367.0,5633.0,1040.0,5.4,14.0,5.0,342.0,367.0,559.0,3868.0,22.0,9.0,6.6,192.0,450.0,1765.0,15.0,3.9,119.0,91.0,798.0,31.0,39.1,8.3,87.14,Yes,2024
21.0,Dallas Cowboys,17.0,350.0,5567.0,1104.0,5.0,28.0,14.0,327.0,398.0,637.0,3862.0,23.0,14.0,5.7,192.0,429.0,1705.0,6.0,4.0,98.0,128.0,921.0,37.0,36.5,14.3,-42.28,No,2024
22.0,Miami Dolphins,17.0,345.0,5532.0,1082.0,5.1,21.0,11.0,344.0,413.0,591.0,3737.0,22.0,10.0,5.9,221.0,448.0,1795.0,12.0,4.0,90.0,114.0,926.0,33.0,39.0,11.0,0.06,No,2024
23.0,Carolina Panthers,17.0,341.0,5066.0,993.0,5.1,22.0,7.0,293.0,341.0,547.0,3188.0,22.0,15.0,5.5,168.0,410.0,1878.0,18.0,4.6,99.0,118.0,947.0,26.0,33.3,11.8,-9.53,No,2024
24.0,New Orleans Saints,17.0,338.0,5442.0,1032.0,5.3,19.0,7.0,304.0,340.0,551.0,3488.0,21.0,12.0,5.9,167.0,444.0,1954.0,15.0,4.4,111.0,110.0,1003.0,26.0,34.8,9.4,14.68,No,2024
25.0,New York Jets,17.0,338.0,5275.0,1010.0,5.2,19.0,8.0,314.0,385.0,607.0,3714.0,31.0,11.0,5.7,201.0,363.0,1561.0,8.0,4.3,83.0,137.0,1134.0,30.0,34.1,10.4,28.95,No,2024
26.0,Jacksonville Jaguars,17.0,320.0,5206.0,992.0,5.2,24.0,9.0,298.0,343.0,546.0,3477.0,19.0,15.0,6.0,174.0,414.0,1729.0,13.0,4.2,106.0,99.0,787.0,18.0,33.3,13.0,13.88,No,2024
27.0,Tennessee Titans,17.0,311.0,5172.0,1032.0,5.0,34.0,13.0,309.0,336.0,530.0,3317.0,22.0,21.0,5.7,164.0,450.0,1855.0,11.0,4.1,112.0,132.0,1030.0,33.0,30.4,16.8,-62.07,No,2024
28.0,Chicago Bears,17.0,310.0,4820.0,1065.0,4.5,16.0,9.0,296.0,353.0,566.0,3086.0,20.0,7.0,4.9,172.0,431.0,1734.0,13.0,4.0,97.0,110.0,867.0,27.0,29.8,7.7,-43.48,No,2024
29.0,Las Vegas Raiders,17.0,309.0,5154.0,1065.0,4.8,29.0,13.0,310.0,410.0,635.0,3797.0,19.0,16.0,5.5,209.0,380.0,1357.0,10.0,3.6,78.0,96.0,807.0,23.0,33.0,15.2,-76.31,No,2024
30.0,New England Patriots,17.0,289.0,4964.0,1027.0,4.8,23.0,12.0,301.0,342.0,529.0,2995.0,18.0,11.0,5.2,167.0,446.0,1969.0,11.0,4.4,101.0,111.0,916.0,33.0,30.9,12.9,-38.96,No,2024
31.0,New York Giants,17.0,273.0,5011.0,1063.0,4.7,23.0,10.0,301.0,366.0,591.0,3228.0,15.0,13.0,5.1,170.0,424.0,1783.0,13.0,4.2,104.0,112.0,928.0,27.0,27.9,12.0,-82.92,No,2024
32.0,Cleveland Browns,17.0,258.0,5114.0,1118.0,4.6,34.0,11.0,303.0,395.0,661.0,3506.0,19.0,23.0,4.8,180.0,391.0,1608.0,8.0,4.1,93.0,119.0,915.0,30.0,22.4,15.9,-161.38,No,2024
,Avg Team,,389.5,5736.2,1056.6,5.4,20.6,8.5,335.3,363.4,556.6,3699.5,25.3,12.1,6.2,190.8,459.0,2036.7,16.0,4.4,115.1,109.6,887.9,29.5,38.8,10.7,66.7,No,2024
,League Total,,12464.0,183558.0,33812.0,5.4,658.0,271.0,10730.0,11629.0,17811.0,118384.0,809.0,387.0,6.2,6104.0,14687.0,65174.0,511.0,4.4,3682.0,3506.0,28413.0,944.0,38.8,10.7,,No,2024
,Avg Tm/G,,22.9,337.4,62.2,5.4,1.2,0.5,19.7,21.4,32.7,217.6,1.5,0.7,6.2,11.2,27.0,119.8,0.9,4.4,6.8,6.4,52.2,1.7,38.8,10.7,,No,2024
